# ---- City Page Redirects (Operator → Main Site) ----
# Updated: 2025-01-XX
# Format: operator.coffeyagencies.com/page → coffeyagencies.com/city-slug

# Georgia Cities with Main Site Equivalents
/alpharetta-ga.html              https://coffeyagencies.com/alpharetta-ga              301!
/alpharetta-ga                   https://coffeyagencies.com/alpharetta-ga              301!
/alpharetta-ga/                  https://coffeyagencies.com/alpharetta-ga              301!

/atlanta-ga-insurance.html       https://coffeyagencies.com/atlanta-ga                  301!
/atlanta-ga-insurance            https://coffeyagencies.com/atlanta-ga                  301!
/atlanta-ga-insurance/           https://coffeyagencies.com/atlanta-ga                  301!

/cumming-ga-insurance.html       https://coffeyagencies.com/cumming-ga                  301!
/cumming-ga-insurance            https://coffeyagencies.com/cumming-ga                  301!
/cumming-ga-insurance/           https://coffeyagencies.com/cumming-ga                  301!

/dulth-ga-insurance.html         https://coffeyagencies.com/duluth-ga                   301!
/dulth-ga-insurance              https://coffeyagencies.com/duluth-ga                   301!
/dulth-ga-insurance/             https://coffeyagencies.com/duluth-ga                   301!

/lawrenceville-ga-insurance.html https://coffeyagencies.com/lawrenceville-ga            301!
/lawrenceville-ga-insurance      https://coffeyagencies.com/lawrenceville-ga            301!
/lawrenceville-ga-insurance/     https://coffeyagencies.com/lawrenceville-ga            301!

/rome-ga.html                    https://coffeyagencies.com/rome-ga                    301!
/rome-ga                         https://coffeyagencies.com/rome-ga                    301!
/rome-ga/                        https://coffeyagencies.com/rome-ga                    301!

/suwanee-ga.html                 https://coffeyagencies.com/suwanee-ga                  301!
/suwanee-ga                      https://coffeyagencies.com/suwanee-ga                  301!
/suwanee-ga/                     https://coffeyagencies.com/suwanee-ga                  301!

# Alabama Cities with Main Site Equivalents
/huntsville-al.html              https://coffeyagencies.com/huntsville-al               301!
/huntsville-al                   https://coffeyagencies.com/huntsville-al               301!
/huntsville-al/                  https://coffeyagencies.com/huntsville-al               301!

/mountain-brook-al.html         https://coffeyagencies.com/mountain-brook-al           301!
/mountain-brook-al              https://coffeyagencies.com/mountain-brook-al           301!
/mountain-brook-al/             https://coffeyagencies.com/mountain-brook-al           301!

/owens-cross-roads-al.html      https://coffeyagencies.com/owens-cross-roads-al        301!
/owens-cross-roads-al           https://coffeyagencies.com/owens-cross-roads-al        301!
/owens-cross-roads-al/          https://coffeyagencies.com/owens-cross-roads-al        301!

# ---- Orphaned Pages - Redirecting to Nearest City ----

# Georgia Orphans
/buford-ga-insurance.html        https://coffeyagencies.com/suwanee-ga                  301!
/buford-ga-insurance             https://coffeyagencies.com/suwanee-ga                  301!
/buford-ga-insurance/           https://coffeyagencies.com/suwanee-ga                  301!

/hampton-ga-insurance.html       https://coffeyagencies.com/atlanta-ga                  301!
/hampton-ga-insurance            https://coffeyagencies.com/atlanta-ga                  301!
/hampton-ga-insurance/           https://coffeyagencies.com/atlanta-ga                  301!

/peachtree-city-ga.html         https://coffeyagencies.com/atlanta-ga                  301!
/peachtree-city-ga              https://coffeyagencies.com/atlanta-ga                  301!
/peachtree-city-ga/             https://coffeyagencies.com/atlanta-ga                  301!

/woodstock-ga.html              https://coffeyagencies.com/canton-ga                   301!
/woodstock-ga                   https://coffeyagencies.com/canton-ga                   301!
/woodstock-ga/                  https://coffeyagencies.com/canton-ga                   301!

# Alabama Orphans
/hoover-al.html                 https://coffeyagencies.com/trussville-al                301!
/hoover-al                      https://coffeyagencies.com/trussville-al                301!
/hoover-al/                     https://coffeyagencies.com/trussville-al                301!

/madison-al.html                https://coffeyagencies.com/huntsville-al                301!
/madison-al                     https://coffeyagencies.com/huntsville-al                301!
/madison-al/                    https://coffeyagencies.com/huntsville-al                301!

# HIGH PRIORITY - Temporary until new pages created
/helena-al.html                 https://coffeyagencies.com/helena-al                     301!
/helena-al                      https://coffeyagencies.com/helena-al                     301!
/helena-al/                     https://coffeyagencies.com/helena-al                     301!

# ---- Catch-all for everything else (homepage) ----
/*                               https://coffeyagencies.com/                             301!
